"Name","Calls","TotalDurationNs","AverageNs","Percentage","MinNs","MaxNs","StdDev"
"fused_moe_kernel",49152,749028345,15239.020691,26.41,8820,847038,28551.998355
"void wvSplitK_hf_sml_<__hip_bfloat16, 64, 2, 16, 8, 2, 1>(int, int, int, int, int, int, __hip_bfloat16 const*, __hip_bfloat16 const*, __hip_bfloat16 const*, __hip_bfloat16*, int, int)",49568,418485212,8442.648725,14.75,6174,135187,12722.707908
"void paged_attention_ll4mi_QKV_mfma16_kernel<__hip_bfloat16, __hip_bfloat16, (vllm::Fp8KVCacheDataType)0, __hip_bfloat16, 16, 128, 256, false, 8, (MFMAType)0>(__hip_bfloat16 const*, __hip_bfloat16 const*, __hip_bfloat16 const*, int, float, int const*, int const*, int const*, int, float const*, int, int, int, float*, float*, __hip_bfloat16*, __hip_bfloat16*, int, float const*, float const*)",24576,204698251,8329.193156,7.22,3969,11466,190.076978
"void vllm::moe::topkGating<8, 128, 4, 16, 64, int, __hip_bfloat16, (vllm::moe::ScoringFunc)0>(__hip_bfloat16 const*, bool const*, float*, int, int*, int*, int, int, int, bool, float const*, double, bool const*)",24576,201351745,8193.023478,7.10,6375,17921,582.712969
"__amd_rocclr_copyBuffer",30207,124872018,4133.876850,4.40,1524,11988,688.737283
"void vllm::reshape_and_cache_kernel<__hip_bfloat16, __hip_bfloat16, (vllm::Fp8KVCacheDataType)0>(__hip_bfloat16 const*, __hip_bfloat16 const*, __hip_bfloat16*, __hip_bfloat16*, long const*, int, int, int, int, int, int, float const*, float const*)",24576,115222645,4688.421427,4.06,4370,36763,1228.533333
"_ZN4vllm18act_and_mul_kernelIN3c108BFloat16E15__hip_bfloat162TnPFT_RKS4_fEXadL_ZNS_11silu_kernelIS2_EES4_S6_fEETnPFT0_RKSA_fEXadL_ZNS_18packed_silu_kernelIS3_EES4_S6_fEELb1ELb1ELb0ELb0EEEvPS4_PS5_ifff",24576,107203089,4362.104858,3.78,4009,70961,2667.059202
"void at::native::vectorized_elementwise_kernel<4, at::native::FillFunctor<int>, std::array<char*, 1ul> >(int, at::native::FillFunctor<int>, std::array<char*, 1ul>)",25040,105900750,4229.263179,3.73,1443,27983,587.354748
"void vllm::moe::moe_sum_vec_kernel<c10::BFloat16, int, 8, false>(c10::BFloat16*, c10::BFloat16 const*, long, int, long, long, int const*, int const*, long, long)",24576,103524879,4212.438110,3.65,3929,38608,1384.010910
"triton_red_fused_2",24064,102708266,4268.129405,3.62,4049,16437,494.971529
"triton_red_fused_fused_add_rms_norm_1",24576,98188265,3995.290731,3.46,3287,29667,1032.351822
"void wvSplitK_hf_sml_<__hip_bfloat16, 64, 1, 16, 8, 4, 1>(int, int, int, int, int, int, __hip_bfloat16 const*, __hip_bfloat16 const*, __hip_bfloat16 const*, __hip_bfloat16*, int, int)",24528,98114569,4000.104737,3.46,3248,7377,343.814469
"triton_poi_fused_3",24064,97771130,4062.962517,3.45,3768,27783,937.957643
"void paged_attention_ll4mi_reduce_kernel<__hip_bfloat16, __hip_bfloat16, 128, 128, 256, 1>(__hip_bfloat16*, float const*, float const*, __hip_bfloat16 const*, int const*, int const*, int, float const*)",24576,96753219,3936.898560,3.41,3768,6856,115.141984
"triton_red_fused_fused_add_rms_norm_moe_forward_0",24576,95003394,3865.697998,3.35,2646,24536,838.991489
"_fwd_kernel",48,60072540,1251511.250000,2.12,1035785,1382851,50697.855884
"Cijk_Alik_Bljk_BBS_BH_Bias_HA_S_SAV_UserArgs_MT160x256x64_MI16x16x1_SN_LDSB1_AFC1_AG0_AGGSUA0_AGNTAB0_AFEM1_AFEM1_ASEM1_BL1_BS1_CD1_1_CLR1_CLS0_CADS0_DTLA0_DTLB0_DTLM0_DTVA0_DTVB0_DTVMXSA0_DTVMXSB0_DTVSM0_DPLB0_EPS0_ELFLR0_EMLLn1_FDSI0_GRPM1_GRVWA8_GRVWB8_GSUAMBSK_GLS0_HPLR0_ISA942_ICIW0_IU1_K1_LDSTI0_LBSPPA256_LBSPPB512_LBSPPMXSA0_LBSPPMXSB0_LBSPPM0_LPA16_LPB16_LPMXSA0_LPMXSB0_LPM0_LRVW8_LWPMn1_MIAV0_MIWT10_4_MXLIBL_MXSFNS_MO40_MGRIPM1_NTn1_NTA0_NTB0_NTC0_NTD4_NTE0_NTMXSA0_NTMXSB0_NTM0_NTWS0_NVn1_NVA0_NVB0_NVC0_NVD0_NVE0_NVMXSA0_NVMXSB0_NVM0_NVWS0_NEPBS16_NLCA1_NLCB1_ONLL1_PAP0_PGL0_PGR2_PLR1_PKA1_SGROB0_SIA3_SS1_SPO0_SRVW0_SSO0_SVW2_SK0_SKFTR0_SKFDPO0_SKWS0_SKXCCM0_SNLL0_SIP1_SGRO0_TDMI0_TDMIM0_TDMS0_TIN0_THn1_THA0_THB0_THC0_THD0_THE0_THMXSA0_THMXSB0_THM0_THWS0_TLDS1_TLDSM1_ULSGRO0_USL1_USLMX0_UDFMAC0_UIOFGRO0_UPLRP0_USFGROn1_USI0_VSn1_VWA2_VWB4_WSGRA0_WSGRB0_WS64_WG16_16_1_WGMXCC1",48,9405145,195940.520833,0.3316,185380,248643,10270.440932
"Cijk_Alik_Bljk_BBS_BH_Bias_HA_S_SAV_UserArgs_MT256x128x64_MI16x16x1_SN_LDSB1_AFC1_AG0_AGGSUA0_AGNTAB0_AFEM1_AFEM1_ASEM1_BL1_BS1_CD1_1_CLR1_CLS0_CADS0_DTLA0_DTLB0_DTLM0_DTVA0_DTVB0_DTVMXSA0_DTVMXSB0_DTVSM0_DPLB0_EPS0_ELFLR0_EMLLn1_FDSI0_GRPM1_GRVWA8_GRVWB8_GSUAMBSK_GLS0_HPLR0_ISA942_ICIW0_IU1_K1_LDSTI0_LBSPPA1024_LBSPPB512_LBSPPMXSA0_LBSPPMXSB0_LBSPPM0_LPA16_LPB16_LPMXSA0_LPMXSB0_LPM0_LRVW8_LWPMn1_MIAV0_MIWT8_4_MXLIBL_MXSFNS_MO40_MGRIPM1_NTn1_NTA0_NTB0_NTC0_NTD4_NTE0_NTMXSA0_NTMXSB0_NTM0_NTWS0_NVn1_NVA0_NVB0_NVC0_NVD0_NVE0_NVMXSA0_NVMXSB0_NVM0_NVWS0_NEPBS16_NLCA1_NLCB1_ONLL1_PAP0_PGL0_PGR2_PLR1_PKA1_SGROB0_SIA3_SS1_SPO0_SRVW0_SSO0_SVW8_SK0_SKFTR0_SKFDPO0_SKWS0_SKXCCM0_SNLL0_SIP1_SGRO0_TDMI0_TDMIM0_TDMS0_TIN0_THn1_THA0_THB0_THC0_THD0_THE0_THMXSA0_THMXSB0_THM0_THWS0_TLDS1_TLDSM1_ULSGRO1_USL1_USLMX0_UDFMAC0_UIOFGRO0_UPLRP0_USFGROn1_USI0_VSn1_VWA8_VWB4_WSGRA0_WSGRB0_WS64_WG32_8_1_WGMXCC1",48,6851029,142729.770833,0.2415,137592,181370,6052.605183
"void at::native::elementwise_kernel_manual_unroll<128, 4, at::native::gpu_kernel_impl<at::native::direct_copy_kernel_cuda(at::TensorIteratorBase&)::{lambda()#3}::operator()() const::{lambda()#4}::operator()() const::{lambda(long)#1}>(at::TensorIteratorBase&, at::native::direct_copy_kernel_cuda(at::TensorIteratorBase&)::{lambda()#3}::operator()() const::{lambda()#4}::operator()() const::{lambda(long)#1} const&)::{lambda(int, bool)#1}>(int, at::native::gpu_kernel_impl<at::native::direct_copy_kernel_cuda(at::TensorIteratorBase&)::{lambda()#3}::operator()() const::{lambda()#4}::operator()() const::{lambda(long)#1}>(at::TensorIteratorBase&, at::native::direct_copy_kernel_cuda(at::TensorIteratorBase&)::{lambda()#3}::operator()() const::{lambda()#4}::operator()() const::{lambda(long)#1} const&)::{lambda(int, bool)#1})",1984,6393211,3222.384577,0.2254,1243,8540,644.495279
"void at::native::reduce_kernel<512, 1, at::native::ReduceOp<float, at::native::ArgMaxOps<float>, unsigned int, long, 4, 4> >(at::native::ReduceOp<float, at::native::ArgMaxOps<float>, unsigned int, long, 4, 4>)",512,5735033,11201.236328,0.2022,10744,18201,435.464406
"void at::native::index_elementwise_kernel<128, 4, at::native::gpu_index_kernel<at::native::index_kernel_impl<at::native::OpaqueType<2> >(at::TensorIteratorBase&, c10::ArrayRef<long>, c10::ArrayRef<long>)::{lambda(char*, char const*, long)#1}>(at::TensorIteratorBase&, c10::ArrayRef<long>, c10::ArrayRef<long>, at::native::index_kernel_impl<at::native::OpaqueType<2> >(at::TensorIteratorBase&, c10::ArrayRef<long>, c10::ArrayRef<long>)::{lambda(char*, char const*, long)#1} const&, bool)::{lambda(int)#1}>(long, at::native::gpu_index_kernel<at::native::index_kernel_impl<at::native::OpaqueType<2> >(at::TensorIteratorBase&, c10::ArrayRef<long>, c10::ArrayRef<long>)::{lambda(char*, char const*, long)#1}>(at::TensorIteratorBase&, c10::ArrayRef<long>, c10::ArrayRef<long>, at::native::index_kernel_impl<at::native::OpaqueType<2> >(at::TensorIteratorBase&, c10::ArrayRef<long>, c10::ArrayRef<long>)::{lambda(char*, char const*, long)#1} const&, bool)::{lambda(int)#1})",512,2948374,5758.542969,0.1039,5092,8700,326.072342
"void vllm::moe::count_and_sort_expert_tokens_kernel<int>(int const*, int*, int*, int*, unsigned long, int, int, int, bool)",48,2746383,57216.312500,0.0968,32353,70400,8041.094723
"triton_poi_fused_2",512,2280617,4454.330078,0.0804,3969,27422,1031.238766
"triton_red_fused__to_copy_embedding_rms_norm_0",512,2204083,4304.849609,0.0777,3247,15876,553.834443
"triton_red_fused_1",512,2194000,4285.156250,0.0773,4209,13110,397.176186
"void at::native::elementwise_kernel_manual_unroll<128, 4, at::native::gpu_kernel_impl<at::native::direct_copy_kernel_cuda(at::TensorIteratorBase&)::{lambda()#3}::operator()() const::{lambda()#3}::operator()() const::{lambda(int)#1}>(at::TensorIteratorBase&, at::native::direct_copy_kernel_cuda(at::TensorIteratorBase&)::{lambda()#3}::operator()() const::{lambda()#3}::operator()() const::{lambda(int)#1} const&)::{lambda(int, bool)#1}>(int, at::native::gpu_kernel_impl<at::native::direct_copy_kernel_cuda(at::TensorIteratorBase&)::{lambda()#3}::operator()() const::{lambda()#3}::operator()() const::{lambda(int)#1}>(at::TensorIteratorBase&, at::native::direct_copy_kernel_cuda(at::TensorIteratorBase&)::{lambda()#3}::operator()() const::{lambda()#3}::operator()() const::{lambda(int)#1} const&)::{lambda(int, bool)#1})",512,2077112,4056.859375,0.0732,2325,7617,452.625401
"_compute_slot_mapping_kernel",512,2040092,3984.554688,0.0719,3648,9261,342.927025
"void at::native::vectorized_elementwise_kernel<4, at::native::bfloat16tofloat32_copy_kernel_cuda(at::TensorIteratorBase&)::{lambda(c10::BFloat16)#1}, std::array<char*, 2ul> >(int, at::native::bfloat16tofloat32_copy_kernel_cuda(at::TensorIteratorBase&)::{lambda(c10::BFloat16)#1}, std::array<char*, 2ul>)",512,1812372,3539.789062,0.0639,1644,6094,647.923568
"void at::native::index_elementwise_kernel<128, 4, at::native::gpu_index_kernel<at::native::index_kernel_impl<at::native::OpaqueType<4> >(at::TensorIteratorBase&, c10::ArrayRef<long>, c10::ArrayRef<long>)::{lambda(char*, char const*, long)#1}>(at::TensorIteratorBase&, c10::ArrayRef<long>, c10::ArrayRef<long>, at::native::index_kernel_impl<at::native::OpaqueType<4> >(at::TensorIteratorBase&, c10::ArrayRef<long>, c10::ArrayRef<long>)::{lambda(char*, char const*, long)#1} const&, bool)::{lambda(int)#1}>(long, at::native::gpu_index_kernel<at::native::index_kernel_impl<at::native::OpaqueType<4> >(at::TensorIteratorBase&, c10::ArrayRef<long>, c10::ArrayRef<long>)::{lambda(char*, char const*, long)#1}>(at::TensorIteratorBase&, c10::ArrayRef<long>, c10::ArrayRef<long>, at::native::index_kernel_impl<at::native::OpaqueType<4> >(at::TensorIteratorBase&, c10::ArrayRef<long>, c10::ArrayRef<long>)::{lambda(char*, char const*, long)#1} const&, bool)::{lambda(int)#1})",512,1675229,3271.931641,0.0591,2846,6455,231.600137
"void at::native::index_elementwise_kernel<128, 4, at::native::gpu_index_kernel<at::native::index_put_kernel_impl<at::native::OpaqueType<4> >(at::TensorIterator&, c10::ArrayRef<long>, c10::ArrayRef<long>)::{lambda(char*, char const*, long)#1}>(at::TensorIteratorBase&, c10::ArrayRef<long>, c10::ArrayRef<long>, at::native::index_put_kernel_impl<at::native::OpaqueType<4> >(at::TensorIterator&, c10::ArrayRef<long>, c10::ArrayRef<long>)::{lambda(char*, char const*, long)#1} const&, bool)::{lambda(int)#1}>(long, at::native::gpu_index_kernel<at::native::index_put_kernel_impl<at::native::OpaqueType<4> >(at::TensorIterator&, c10::ArrayRef<long>, c10::ArrayRef<long>)::{lambda(char*, char const*, long)#1}>(at::TensorIteratorBase&, c10::ArrayRef<long>, c10::ArrayRef<long>, at::native::index_put_kernel_impl<at::native::OpaqueType<4> >(at::TensorIterator&, c10::ArrayRef<long>, c10::ArrayRef<long>)::{lambda(char*, char const*, long)#1} const&, bool)::{lambda(int)#1})",480,1607966,3349.929167,0.0567,2886,5612,183.003791
"void at::native::vectorized_elementwise_kernel<4, at::native::CUDAFunctor_add<long>, std::array<char*, 3ul> >(int, at::native::CUDAFunctor_add<long>, std::array<char*, 3ul>)",512,1312090,2562.675781,0.0463,2125,5091,229.188376
"void vllm::moe::moe_align_block_size_kernel<int>(int const*, int*, int*, int*, int*, int, int, int, int, unsigned long, int*, int, int, bool)",48,1246625,25971.354167,0.0439,20847,27703,1116.025594
"__amd_rocclr_fillBufferUnAligned",512,1221563,2385.865234,0.0431,882,9061,803.171524
"void at::native::vectorized_elementwise_kernel<4, at::native::CUDAFunctor_add<int>, std::array<char*, 3ul> >(int, at::native::CUDAFunctor_add<int>, std::array<char*, 3ul>)",512,1133495,2213.857422,0.0400,1924,9221,376.095604
"void at::native::unrolled_elementwise_kernel<at::native::CUDAFunctorOnSelf_add<int>, std::array<char*, 2ul>, 4, TrivialOffsetCalculator<1, unsigned int>, TrivialOffsetCalculator<1, unsigned int>, at::native::memory::LoadWithoutCast, at::native::memory::StoreWithoutCast>(int, at::native::CUDAFunctorOnSelf_add<int>, std::array<char*, 2ul>, TrivialOffsetCalculator<1, unsigned int>, TrivialOffsetCalculator<1, unsigned int>, at::native::memory::LoadWithoutCast, at::native::memory::StoreWithoutCast)",512,1068221,2086.369141,0.0377,1724,4009,145.740469
"void at::native::unrolled_elementwise_kernel<at::native::FillFunctor<int>, std::array<char*, 1ul>, 4, TrivialOffsetCalculator<0, unsigned int>, TrivialOffsetCalculator<1, unsigned int>, at::native::memory::LoadWithoutCast, at::native::memory::StoreWithoutCast>(int, at::native::FillFunctor<int>, std::array<char*, 1ul>, TrivialOffsetCalculator<0, unsigned int>, TrivialOffsetCalculator<1, unsigned int>, at::native::memory::LoadWithoutCast, at::native::memory::StoreWithoutCast)",512,954116,1863.507812,0.0336,1443,6775,329.091800
"Cijk_Alik_Bljk_BBS_BH_Bias_HA_S_SAV_UserArgs_MT32x64x256_MI16x16x1_SN_LDSB1_AFC1_AG0_AGGSUA0_AGNTAB0_AFEM1_AFEM1_ASEM1_BL1_BS1_CD1_1_CLR1_CLS0_CADS0_DTLA0_DTLB0_DTLM0_DTVA0_DTVB0_DTVMXSA0_DTVMXSB0_DTVSM0_DPLB0_EPS0_ELFLR0_EMLLn1_FDSI0_GRPM1_GRVWA8_GRVWB8_GSUAMBSK_GLS0_HPLR0_ISA942_ICIW0_IU1_K1_LDSTI0_LBSPPA1024_LBSPPB2048_LBSPPMXSA0_LBSPPMXSB0_LBSPPM0_LPA16_LPB16_LPMXSA0_LPMXSB0_LPM0_LRVW8_LWPMn1_MIAV0_MIWT2_4_MXLIBL_MXSFNS_MO40_MGRIPM1_NTn1_NTA0_NTB0_NTC0_NTD4_NTE0_NTMXSA0_NTMXSB0_NTM0_NTWS0_NVn1_NVA0_NVB0_NVC0_NVD0_NVE0_NVMXSA0_NVMXSB0_NVM0_NVWS0_NEPBS16_NLCA1_NLCB1_ONLL1_PAP0_PGL0_PGR2_PLR1_PKA1_SGROB0_SIA3_SS1_SPO0_SRVW0_SSO0_SVW2_SK0_SKFTR0_SKFDPO0_SKWS0_SKXCCM0_SNLL0_SIP1_SGRO0_TDMI0_TDMIM0_TDMS0_TIN0_THn1_THA0_THB0_THC0_THD0_THE0_THMXSA0_THMXSB0_THM0_THWS0_TLDS1_TLDSM1_ULSGRO0_USL1_USLMX0_UDFMAC0_UIOFGRO0_UPLRP0_USFGROn1_USI0_VSn1_VWA2_VWB4_WSGRA0_WSGRB0_WS64_WG16_4_4_WGMXCC1",48,815725,16994.270833,0.0288,15755,18322,564.112360
