request_id,request_started_seconds,first_token_seconds,request_finished_seconds,time_to_first_token_seconds,total_request_seconds,output_text
R1-DECODE,0.0003424550000090676,2.223819554000329,4.046871010000359,2.22347709900032,4.04652855500035,"A **Graphics Processing Unit (GPU)** is a specialized electronic circuit designed to rapidly manipulate and alter memory to accelerate the creation of images. While originally developed for rendering graphics, modern GPUs are widely used for **general-purpose computing** (GPGPU), especially for **numerical workloads** such as machine learning, scientific simulations, and data processing. These workloads often involve **massive parallelism** and **data-parallel operations**.

---

## **1. How a GPU Executes Numerical Workloads**

A GPU is optimized for **parallel processing**. Unlike a CPU, which is designed for sequential processing and complex control flow, a GPU is built with **thousands of smaller, more efficient cores** that can handle many tasks simultaneously. This makes it ideal for **data-parallel** workloads, where the same operation is applied to large datasets.

### **Key Characteristics of GPU Execution:**

- **SIMD (Single Instruction, Multiple Data)**: A single instruction is applied to multiple data points simultaneously.
- **High Throughput**: GPUs can process many operations in parallel, leading to high throughput.
- **Memory Bandwidth**: GPUs have high memory bandwidth to support the large data transfers required for parallel processing.
- **Specialized Architectures**: Modern GPUs ("
R2-LONG-PREFILL,0.10007588000007672,2.263383368000177,2.5622900510002182,2.1633074880001004,2.4622141710001415,"The text appears to be a repeated and redundant description of a **GPU memory inference scheduler** that manages **attention requests**, **token cache**, and **execution**"
