GPU_ID,GUID,Correlation_Id,Dispatch_ID,Grid_Size,Workgroup_Size,LDS_Per_Workgroup,Scratch_Per_Workitem,Arch_VGPR,Accum_VGPR,SGPR,Kernel_Name,Start_Timestamp,End_Timestamp,Kernel_ID,Counter_Name,Counter_Value
1,000000c3-4d77-7d77-8d71-60c01567edc9,2,0,2097152,256,1024,0,12,4,32,"bf16_matvec(__hip_bfloat16 const*, __hip_bfloat16 const*, float*, int)",12799891533143,12799891570788,0,GRBM_GUI_ACTIVE,733187.0
1,000000c3-4d77-7d77-8d71-60c01567edc9,2,0,2097152,256,1024,0,12,4,32,"bf16_matvec(__hip_bfloat16 const*, __hip_bfloat16 const*, float*, int)",12799891533143,12799891570788,0,SQ_INSTS_VALU_ADD_F16,0.0
1,000000c3-4d77-7d77-8d71-60c01567edc9,2,0,2097152,256,1024,0,12,4,32,"bf16_matvec(__hip_bfloat16 const*, __hip_bfloat16 const*, float*, int)",12799891533143,12799891570788,0,SQ_INSTS_VALU_ADD_F32,73728.0
1,000000c3-4d77-7d77-8d71-60c01567edc9,2,0,2097152,256,1024,0,12,4,32,"bf16_matvec(__hip_bfloat16 const*, __hip_bfloat16 const*, float*, int)",12799891533143,12799891570788,0,SQ_INSTS_VALU_ADD_F64,0.0
1,000000c3-4d77-7d77-8d71-60c01567edc9,2,0,2097152,256,1024,0,12,4,32,"bf16_matvec(__hip_bfloat16 const*, __hip_bfloat16 const*, float*, int)",12799891533143,12799891570788,0,SQ_INSTS_VALU_FMA_F16,0.0
1,000000c3-4d77-7d77-8d71-60c01567edc9,2,0,2097152,256,1024,0,12,4,32,"bf16_matvec(__hip_bfloat16 const*, __hip_bfloat16 const*, float*, int)",12799891533143,12799891570788,0,SQ_INSTS_VALU_FMA_F32,524288.0
1,000000c3-4d77-7d77-8d71-60c01567edc9,2,0,2097152,256,1024,0,12,4,32,"bf16_matvec(__hip_bfloat16 const*, __hip_bfloat16 const*, float*, int)",12799891533143,12799891570788,0,SQ_INSTS_VALU_FMA_F64,0.0
1,000000c3-4d77-7d77-8d71-60c01567edc9,2,0,2097152,256,1024,0,12,4,32,"bf16_matvec(__hip_bfloat16 const*, __hip_bfloat16 const*, float*, int)",12799891533143,12799891570788,0,SQ_INSTS_VALU_MFMA_MOPS_BF16,0.0
1,000000c3-4d77-7d77-8d71-60c01567edc9,2,0,2097152,256,1024,0,12,4,32,"bf16_matvec(__hip_bfloat16 const*, __hip_bfloat16 const*, float*, int)",12799891533143,12799891570788,0,SQ_INSTS_VALU_MFMA_MOPS_F16,0.0
1,000000c3-4d77-7d77-8d71-60c01567edc9,2,0,2097152,256,1024,0,12,4,32,"bf16_matvec(__hip_bfloat16 const*, __hip_bfloat16 const*, float*, int)",12799891533143,12799891570788,0,TCC_BUBBLE_sum,524800.0
1,000000c3-4d77-7d77-8d71-60c01567edc9,2,0,2097152,256,1024,0,12,4,32,"bf16_matvec(__hip_bfloat16 const*, __hip_bfloat16 const*, float*, int)",12799891533143,12799891570788,0,TCC_EA0_RDREQ_32B_sum,0.0
1,000000c3-4d77-7d77-8d71-60c01567edc9,2,0,2097152,256,1024,0,12,4,32,"bf16_matvec(__hip_bfloat16 const*, __hip_bfloat16 const*, float*, int)",12799891533143,12799891570788,0,TCC_EA0_RDREQ_sum,525088.0
1,000000c3-4d77-7d77-8d71-60c01567edc9,2,0,2097152,256,1024,0,12,4,32,"bf16_matvec(__hip_bfloat16 const*, __hip_bfloat16 const*, float*, int)",12799891533143,12799891570788,0,TCC_EA0_WRREQ_64B_sum,4096.0
1,000000c3-4d77-7d77-8d71-60c01567edc9,2,0,2097152,256,1024,0,12,4,32,"bf16_matvec(__hip_bfloat16 const*, __hip_bfloat16 const*, float*, int)",12799891533143,12799891570788,0,TCP_TCC_ATOMIC_WITHOUT_RET_REQ_sum,0.0
1,000000c3-4d77-7d77-8d71-60c01567edc9,2,0,2097152,256,1024,0,12,4,32,"bf16_matvec(__hip_bfloat16 const*, __hip_bfloat16 const*, float*, int)",12799891533143,12799891570788,0,TCP_TCC_ATOMIC_WITH_RET_REQ_sum,0.0
1,000000c3-4d77-7d77-8d71-60c01567edc9,2,0,2097152,256,1024,0,12,4,32,"bf16_matvec(__hip_bfloat16 const*, __hip_bfloat16 const*, float*, int)",12799891533143,12799891570788,0,TCP_TCC_READ_REQ_sum,597162.0
1,000000c3-4d77-7d77-8d71-60c01567edc9,2,0,2097152,256,1024,0,12,4,32,"bf16_matvec(__hip_bfloat16 const*, __hip_bfloat16 const*, float*, int)",12799891533143,12799891570788,0,TCP_TCC_WRITE_REQ_sum,8192.0
