elapsed_seconds,kv_cache_usage_percent,preemptions,running_requests,waiting_requests
0.0002874710007745307,0.0,0.0,0.0,0.0
0.11974393800028338,0.0,0.0,0.0,0.0
0.17318610300026194,0.0,0.0,0.0,0.0
0.22697622100076842,0.0,0.0,0.0,0.0
0.2805087080005251,0.0,0.0,0.0,0.0
0.33465925000018615,0.0,0.0,0.0,0.0
0.38825201600047876,0.0,0.0,0.0,0.0
0.4417366910001874,0.0,0.0,0.0,0.0
0.49557334700057254,0.0,0.0,0.0,0.0
0.5492607360001784,0.0,0.0,0.0,0.0
0.6029108210004779,0.0,0.0,0.0,0.0
0.6567612220005685,0.0,0.0,0.0,0.0
0.7107206950004183,0.0,0.0,0.0,0.0
0.7642035790004229,0.0,0.0,0.0,0.0
0.817817942000147,0.0,0.0,0.0,0.0
0.8713714470004561,0.0,0.0,0.0,0.0
0.9247509490005541,0.0,0.0,0.0,0.0
0.9779606020001665,0.0,0.0,0.0,0.0
1.031459722999898,0.0,0.0,0.0,0.0
1.085044447000655,0.0,0.0,0.0,0.0
1.1385621380004523,0.0,0.0,0.0,0.0
1.19262648700078,0.0,0.0,0.0,0.0
1.2466067949999342,0.0,0.0,0.0,0.0
1.3001502100005382,0.0,0.0,0.0,0.0
1.3535914070007493,0.0,0.0,0.0,0.0
1.4075346790004915,0.0,0.0,0.0,0.0
1.4609753710001314,0.0,0.0,0.0,0.0
1.5146518510000533,0.0,0.0,0.0,0.0
1.5685766940005124,0.0,0.0,0.0,0.0
1.6219462250001015,0.0,0.0,0.0,0.0
1.6759003980005218,0.0,0.0,0.0,0.0
1.7295506910004406,0.012863183959610502,0.0,4.0,0.0
1.7830863600001976,0.012863183959610502,0.0,4.0,0.0
1.836640950000401,0.019294775939415754,0.0,4.0,0.0
1.8898690850001003,0.019294775939415754,0.0,4.0,0.0
1.943777348000367,0.019294775939415754,0.0,4.0,0.0
1.9973937160002606,0.024118469924272468,0.0,4.0,0.0
2.0511724110001524,0.025726367919221005,0.0,4.0,0.0
2.1044338609999613,0.025726367919221005,0.0,4.0,0.0
2.1582545950004715,0.025726367919221005,0.0,4.0,0.0
2.212339155000336,0.032157959899026256,0.0,4.0,0.0
2.265761806000228,0.032157959899026256,0.0,4.0,0.0
2.3191532099999677,0.032157959899026256,0.0,4.0,0.0
2.3723645959998976,0.03376585789397479,0.0,4.0,0.0
2.4257259680007337,0.03858955187883151,0.0,4.0,0.0
2.479121573000157,0.03858955187883151,0.0,4.0,0.0
2.5328546430000642,0.03858955187883151,0.0,4.0,0.0
2.585952435000763,0.04502114385863676,0.0,4.0,0.0
2.640060039000673,0.04502114385863676,0.0,4.0,0.0
2.6940964129998974,0.04502114385863676,0.0,4.0,0.0
2.7477663030003896,0.04502114385863676,0.0,4.0,0.0
2.801198597000621,0.05145273583844201,0.0,4.0,0.0
2.8546199750007872,0.05145273583844201,0.0,4.0,0.0
2.9085665430002337,0.05145273583844201,0.0,4.0,0.0
2.962210650000088,0.054668531828339084,0.0,4.0,0.0
3.0156079840007806,0.05788432781824726,0.0,4.0,0.0
3.0691296949999014,0.05788432781824726,0.0,4.0,0.0
3.1225296279999384,0.05788432781824726,0.0,4.0,0.0
3.1761285450002106,0.06431591979805251,0.0,4.0,0.0
3.229908773000716,0.06431591979805251,0.0,4.0,0.0
3.2831233200004135,0.06431591979805251,0.0,4.0,0.0
3.3372454620002827,0.06592381779300105,0.0,4.0,0.0
3.3908681930006423,0.07074751177785776,0.0,4.0,0.0
3.444366626000374,0.07074751177785776,0.0,4.0,0.0
3.4977392830005556,0.07074751177785776,0.0,4.0,0.0
3.5514350809999087,0.07396330776775484,0.0,4.0,0.0
3.604920927999956,0.07717910375766301,0.0,4.0,0.0
3.6585190490004607,0.07717910375766301,0.0,4.0,0.0
3.712365028000022,0.07717910375766301,0.0,4.0,0.0
3.7663673260003634,0.08361069573745716,0.0,4.0,0.0
3.82016337100049,0.08361069573745716,0.0,4.0,0.0
3.8737812480003413,0.08361069573745716,0.0,4.0,0.0
3.9273602110006323,0.0852185937324168,0.0,4.0,0.0
3.9805532590007715,0.09004228771726241,0.0,4.0,0.0
4.034020711000267,0.09004228771726241,0.0,4.0,0.0
4.087522485000591,0.09004228771726241,0.0,4.0,0.0
4.141582958000072,0.09486598170211913,0.0,4.0,0.0
4.195924003000073,0.09647387969706767,0.0,4.0,0.0
4.24947709800017,0.09647387969706767,0.0,4.0,0.0
4.302745758000128,0.09647387969706767,0.0,4.0,0.0
4.356442860000243,0.10290547167687292,0.0,4.0,0.0
4.409951055999954,0.10290547167687292,0.0,4.0,0.0
4.463949564000359,0.10290547167687292,0.0,4.0,0.0
4.517845289999968,0.10451336967183256,0.0,4.0,0.0
4.571613189000345,0.10933706365667817,0.0,4.0,0.0
4.625301880000734,0.10933706365667817,0.0,4.0,0.0
4.679000309000003,0.10933706365667817,0.0,4.0,0.0
4.732434006000403,0.11416075764153488,0.0,4.0,0.0
4.786119606000284,0.11576865563648342,0.0,4.0,0.0
4.8394359010007975,0.11576865563648342,0.0,4.0,0.0
4.893354401000579,0.11576865563648342,0.0,4.0,0.0
4.947333867999987,0.12220024761628867,0.0,4.0,0.0
5.000631620000604,0.12220024761628867,0.0,4.0,0.0
5.054225984000368,0.12220024761628867,0.0,4.0,0.0
5.107644325000365,0.12380814561123721,0.0,4.0,0.0
5.160839768000187,0.12863183959609392,0.0,4.0,0.0
5.214541048000683,0.12863183959609392,0.0,4.0,0.0
5.267951138000171,0.12863183959609392,0.0,4.0,0.0
5.321612581999943,0.13345553358095064,0.0,4.0,0.0
5.3754721069999505,0.13506343157589917,0.0,4.0,0.0
5.428911988000436,0.13506343157589917,0.0,4.0,0.0
5.4822317470006965,0.13506343157589917,0.0,4.0,0.0
5.536085114000343,0.14149502355570442,0.0,4.0,0.0
5.589310833000127,0.14149502355570442,0.0,4.0,0.0
5.6433817280003495,0.14149502355570442,0.0,4.0,0.0
5.697499382000387,0.14310292155065296,0.0,4.0,0.0
5.751195487000587,0.14792661553550968,0.0,4.0,0.0
5.804645664999953,0.14792661553550968,0.0,4.0,0.0
5.858069367000098,0.14792661553550968,0.0,4.0,0.0
5.911504639000668,0.1527503095203664,0.0,4.0,0.0
5.965030649000255,0.15435820751531493,0.0,4.0,0.0
6.018271509999977,0.15435820751531493,0.0,4.0,0.0
6.071548907000761,0.15435820751531493,0.0,4.0,0.0
6.124903704000644,0.16078979949512018,0.0,4.0,0.0
6.178118712000469,0.16078979949512018,0.0,4.0,0.0
6.231769312000324,0.16078979949512018,0.0,4.0,0.0
6.28493945900027,0.16239769749006872,0.0,4.0,0.0
6.33846435400028,0.16722139147492543,0.0,4.0,0.0
6.391954798999905,0.16722139147492543,0.0,4.0,0.0
6.445388804000686,0.16722139147492543,0.0,4.0,0.0
6.4987165210004605,0.17204508545978214,0.0,4.0,0.0
6.552332849000777,0.17365298345473068,0.0,4.0,0.0
6.606266995000624,0.17365298345473068,0.0,4.0,0.0
6.66029133200027,0.17365298345473068,0.0,4.0,0.0
6.714358215000175,0.18008457543453593,0.0,4.0,0.0
6.768450320000738,0.18008457543453593,0.0,4.0,0.0
6.822217841000565,0.18008457543453593,0.0,4.0,0.0
6.875987751000139,0.18169247342948447,0.0,4.0,0.0
6.929242506000264,0.18651616741434118,0.0,4.0,0.0
6.982507419000285,0.18651616741434118,0.0,4.0,0.0
7.0363056890000735,0.18651616741434118,0.0,4.0,0.0
7.089703078000639,0.19294775939414643,0.0,4.0,0.0
7.143237956000121,0.19294775939414643,0.0,4.0,0.0
7.197716876999948,0.19294775939414643,0.0,4.0,0.0
7.251236650000465,0.19294775939414643,0.0,4.0,0.0
7.304636763999952,0.19937935137395169,0.0,4.0,0.0
7.358452539000609,0.19937935137395169,0.0,4.0,0.0
7.412075976000779,0.19937935137395169,0.0,4.0,0.0
7.466022943000098,0.20259514736384876,0.0,4.0,0.0
7.519763883000451,0.20581094335375694,0.0,4.0,0.0
7.573477375000039,0.20581094335375694,0.0,4.0,0.0
7.6271508730005735,0.20581094335375694,0.0,4.0,0.0
7.68080808600007,0.2122425353335622,0.0,4.0,0.0
7.734107725000285,0.2122425353335622,0.0,4.0,0.0
7.787486569000066,0.2122425353335622,0.0,4.0,0.0
7.8414776660001735,0.2122425353335622,0.0,4.0,0.0
7.89536481200048,0.21867412731336744,0.0,4.0,0.0
7.948935449000601,0.21867412731336744,0.0,4.0,0.0
8.002502998000637,0.21867412731336744,0.0,4.0,0.0
8.056034189999991,0.2218899233032645,0.0,4.0,0.0
8.10937088800074,0.2251057192931727,0.0,4.0,0.0
8.162654712000403,0.2251057192931727,0.0,4.0,0.0
8.216060110000399,0.2251057192931727,0.0,4.0,0.0
8.269979173000138,0.23153731127297794,0.0,4.0,0.0
8.323616638000203,0.23153731127297794,0.0,4.0,0.0
8.377301434999936,0.23153731127297794,0.0,4.0,0.0
8.431018571000095,0.23153731127297794,0.0,4.0,0.0
8.484545111000443,0.2379689032527832,0.0,4.0,0.0
8.538048510999943,0.2379689032527832,0.0,4.0,0.0
8.592082522000055,0.2379689032527832,0.0,4.0,0.0
8.646106611000505,0.24118469924268027,0.0,4.0,0.0
8.700624899000104,0.24440049523257734,0.0,4.0,0.0
8.754486240000006,0.24440049523257734,0.0,4.0,0.0
8.808138645000327,0.24440049523257734,0.0,4.0,0.0
8.861715643000025,0.2508320872123826,0.0,4.0,0.0
8.915340520000427,0.2508320872123826,0.0,4.0,0.0
8.9689760199999,0.2508320872123826,0.0,4.0,0.0
9.02301997199993,0.25243998520734223,0.0,4.0,0.0
9.076255070000116,0.25726367919218784,0.0,4.0,0.0
9.129971867000677,0.25726367919218784,0.0,4.0,0.0
9.183424361000107,0.25726367919218784,0.0,4.0,0.0
9.237287419000495,0.26208737317704456,0.0,4.0,0.0
9.291046553000342,0.2636952711719931,0.0,4.0,0.0
9.344620176000717,0.2636952711719931,0.0,4.0,0.0
9.398737719000565,0.2636952711719931,0.0,4.0,0.0
9.452665300000263,0.27012686315179835,0.0,4.0,0.0
9.506765835000806,0.27012686315179835,0.0,4.0,0.0
9.560612400000537,0.27012686315179835,0.0,4.0,0.0
9.614203113000258,0.271734761146758,0.0,4.0,0.0
9.668030542999986,0.2765584551316036,0.0,4.0,0.0
9.722059509000246,0.2765584551316036,0.0,4.0,0.0
9.775943964000362,0.2765584551316036,0.0,4.0,0.0
9.829727506999916,0.28299004711140885,0.0,4.0,0.0
9.88346520899995,0.28299004711140885,0.0,4.0,0.0
9.93705850600054,0.28299004711140885,0.0,4.0,0.0
9.990748342000188,0.28299004711140885,0.0,4.0,0.0
10.044702457000312,0.2894216390912141,0.0,4.0,0.0
10.098651045000224,0.2894216390912141,0.0,4.0,0.0
10.152230063000388,0.2894216390912141,0.0,4.0,0.0
10.206590157000392,0.2926374350811223,0.0,4.0,0.0
10.260211018000518,0.29585323107101935,0.0,4.0,0.0
10.314356048000263,0.29585323107101935,0.0,4.0,0.0
10.36850517000039,0.29585323107101935,0.0,4.0,0.0
10.422376631000589,0.3022848230508246,0.0,4.0,0.0
10.476409634999982,0.3022848230508246,0.0,4.0,0.0
10.53013832600027,0.3022848230508246,0.0,4.0,0.0
10.585356756000692,0.30389272104577314,0.0,4.0,0.0
10.638889032999941,0.30871641503062985,0.0,4.0,0.0
10.693605930000558,0.30871641503062985,0.0,4.0,0.0
10.747223570000642,0.30871641503062985,0.0,4.0,0.0
10.800900029000331,0.31354010901548657,0.0,4.0,0.0
10.854644237000684,0.3151480070104351,0.0,4.0,0.0
10.908272174000558,0.3151480070104351,0.0,4.0,0.0
10.961946282000099,0.3151480070104351,0.0,4.0,0.0
11.015226596000502,0.32157959899024036,0.0,4.0,0.0
11.06855016300051,0.32157959899024036,0.0,4.0,0.0
